[
  {
    "id": "ab16594e-3f37-42e5-a658-fafbf91469c7",
    "data": [
      {
        "text": "Desserts\u0026Drinks",
        "userDefined": false
      }
    ],
    "isTemplate": false,
    "count": 0,
    "lang": "en",
    "updated": 0
  },
  {
    "id": "dc426d1a-b9a0-41ca-aa29-c772250868c1",
    "data": [
      {
        "text": "Desserts",
        "userDefined": false
      }
    ],
    "isTemplate": false,
    "count": 0,
    "lang": "en",
    "updated": 0
  },
  {
    "id": "4ba252be-65e0-4e3c-8e51-645ecaf44567",
    "data": [
      {
        "text": "Dessert",
        "userDefined": false
      }
    ],
    "isTemplate": false,
    "count": 0,
    "lang": "en",
    "updated": 0
  },
  {
    "id": "0c52d023-2c2a-48f1-9ddd-4123a6e9e0fa",
    "data": [
      {
        "text": "Drinks",
        "userDefined": false
      }
    ],
    "isTemplate": false,
    "count": 0,
    "lang": "en",
    "updated": 0
  },
  {
    "id": "e335e547-3224-464b-9d24-014ed22b737f",
    "data": [
      {
        "text": "Drink",
        "userDefined": false
      }
    ],
    "isTemplate": false,
    "count": 0,
    "lang": "en",
    "updated": 0
  },
  {
    "id": "6ac536fe-ea27-4e1b-a9b0-da230cb8b534",
    "data": [
      {
        "text": "2",
        "meta": "@sys.number",
        "alias": "number",
        "userDefined": false
      }
    ],
    "isTemplate": false,
    "count": 0,
    "lang": "en",
    "updated": 0
  }
]