[
  {
    "id": "63051629-91c1-4ee1-80bf-2273545da0f2",
    "data": [
      {
        "text": "Lasagna",
        "userDefined": false
      }
    ],
    "isTemplate": false,
    "count": 0,
    "lang": "en",
    "updated": 0
  },
  {
    "id": "49ff99d1-af0f-464f-a524-419069d4d08b",
    "data": [
      {
        "text": "Enchiladas",
        "userDefined": false
      }
    ],
    "isTemplate": false,
    "count": 0,
    "lang": "en",
    "updated": 0
  },
  {
    "id": "909a0217-2716-48e3-8d8b-8d04174f2883",
    "data": [
      {
        "text": "Cheese enchiladas",
        "userDefined": false
      }
    ],
    "isTemplate": false,
    "count": 0,
    "lang": "en",
    "updated": 0
  },
  {
    "id": "84382487-f91b-4ce3-a07f-52b14e334d1e",
    "data": [
      {
        "text": "Tofu",
        "userDefined": false
      }
    ],
    "isTemplate": false,
    "count": 0,
    "lang": "en",
    "updated": 0
  },
  {
    "id": "0a5b6810-c36a-4f36-bc78-c77c1bf65a07",
    "data": [
      {
        "text": "Taco",
        "userDefined": false
      }
    ],
    "isTemplate": false,
    "count": 0,
    "lang": "en",
    "updated": 0
  },
  {
    "id": "0cd7f7fd-1aba-48e3-b4e0-737bf74475e7",
    "data": [
      {
        "text": "Friskies",
        "userDefined": false
      }
    ],
    "isTemplate": false,
    "count": 0,
    "lang": "en",
    "updated": 0
  },
  {
    "id": "fbbb0fd0-c595-4226-848f-6c363380407e",
    "data": [
      {
        "text": "Soda",
        "userDefined": false
      }
    ],
    "isTemplate": false,
    "count": 0,
    "lang": "en",
    "updated": 0
  },
  {
    "id": "a1ffcef1-8b02-431e-bff9-37c52e1ecaa5",
    "data": [
      {
        "text": "Samosa",
        "userDefined": false
      }
    ],
    "isTemplate": false,
    "count": 0,
    "lang": "en",
    "updated": 0
  },
  {
    "id": "1b3703a8-716d-4f9b-b5fe-163fbd063ca6",
    "data": [
      {
        "text": "Gulab Jamun",
        "userDefined": false
      }
    ],
    "isTemplate": false,
    "count": 0,
    "lang": "en",
    "updated": 0
  },
  {
    "id": "61e6b75e-a7fc-4eb2-b000-98d643267668",
    "data": [
      {
        "text": "Soup",
        "userDefined": false
      }
    ],
    "isTemplate": false,
    "count": 0,
    "lang": "en",
    "updated": 0
  },
  {
    "id": "3450dada-df65-4c6d-8fff-1f5683db3224",
    "data": [
      {
        "text": "Panner Tikka",
        "userDefined": false
      }
    ],
    "isTemplate": false,
    "count": 0,
    "lang": "en",
    "updated": 0
  }
]