[
  {
    "id": "a00356d6-3fbe-4a0b-9c34-56284491099c",
    "data": [
      {
        "text": "Main course",
        "userDefined": false
      }
    ],
    "isTemplate": false,
    "count": 0,
    "lang": "en",
    "updated": 0
  },
  {
    "id": "e5b39e2a-481b-4803-b1a7-0f81a765e935",
    "data": [
      {
        "text": "1",
        "meta": "@sys.number",
        "alias": "number",
        "userDefined": false
      }
    ],
    "isTemplate": false,
    "count": 0,
    "lang": "en",
    "updated": 0
  }
]