[
  {
    "id": "d16775bb-bcda-469d-b4b9-ab14beb8ee0b",
    "data": [
      {
        "text": "Pizza(1)",
        "userDefined": false
      }
    ],
    "isTemplate": false,
    "count": 0,
    "lang": "en",
    "updated": 0
  },
  {
    "id": "6a9d22c8-3688-4772-b778-65870513383b",
    "data": [
      {
        "text": "1",
        "meta": "@sys.number",
        "alias": "number",
        "userDefined": false
      }
    ],
    "isTemplate": false,
    "count": 0,
    "lang": "en",
    "updated": 0
  },
  {
    "id": "5ad11a9e-21bf-42f5-bf62-8168879d6118",
    "data": [
      {
        "text": "Pizza",
        "userDefined": false
      }
    ],
    "isTemplate": false,
    "count": 0,
    "lang": "en",
    "updated": 0
  }
]